geometry,pipeline,q,standardize,classifier,cv_accuracy,cv_acc_std,cv_precision,cv_recall,cv_auc,cv_runtime_s,ho_accuracy,ho_precision,ho_recall,ho_auc,ho_runtime_s
AI,A-Full,,False,knn,0.9010833389780757,0.007852996441538489,0.9073276494910232,0.9010879284649776,0.9878212866105015,369.60641384124756,0.9039270687237027,0.9104556064221118,0.9039030736705155,0.9851379339025435,90.17905378341675
AI,A-Full,,True,knn,0.9446824267876901,0.007290766052266811,0.9479351189205133,0.9446845504222553,0.9939514489437569,342.75938510894775,0.9537166900420757,0.9548659709898666,0.9537214723261234,0.996390422867277,86.55264687538147
AI,B-PCA,5.0,False,knn,0.7297057960215855,0.011958562553485893,0.731650363164114,0.7296323894684551,0.9397460140527082,406.692462682724,0.7517531556802244,0.7591648658470395,0.7518241448474007,0.9487358906000911,102.27876043319702
AI,B-PCA,5.0,True,knn,0.7675869854817223,0.014056306924149647,0.7720571648851009,0.7675211127670144,0.9507395092619673,301.9052119255066,0.788218793828892,0.7899813849020034,0.7883449883449883,0.9539354710908176,79.14664220809937
AI,B-PCA,10.0,False,knn,0.8087787035155458,0.008380209440639292,0.8164974989953061,0.8087729756582217,0.9689158992885482,353.40304040908813,0.814866760168303,0.8212562406245696,0.8148479427549195,0.964922128876215,96.3608877658844
AI,B-PCA,10.0,True,knn,0.8613989929779404,0.01365276614495236,0.8658971720674187,0.8614157973174367,0.9795960539053696,328.1301472187042,0.8695652173913043,0.8717863202267284,0.8696319184691277,0.9806169384141509,87.63440823554993
AI,B-PCA,20.0,False,knn,0.8689119194382353,0.008835211770130861,0.8755392337611372,0.8688872329855937,0.983157199898178,372.46439003944397,0.8751753155680224,0.8800859566172549,0.8751179053504635,0.9774716430761538,91.44135665893555
AI,B-PCA,20.0,True,knn,0.9128131138657455,0.012285434654810265,0.9153677838866322,0.9127918529557875,0.9909041638053665,319.2047166824341,0.9151472650771388,0.9167997794690645,0.9151731988941291,0.9900904877810813,84.39292216300964
AI,C-UMAP,5.0,False,knn,0.7648824764614238,0.008544510692755249,0.776906695128017,0.7648981619473423,0.9276104628774167,494.2287178039551,0.7896213183730715,0.8020884249047353,0.7896243291592129,0.9337794920188397,124.54281067848206
AI,C-UMAP,5.0,True,knn,0.8824448508659035,0.006547794773425781,0.8892368293962265,0.8824143070044709,0.9669465404974135,511.0108118057251,0.8884992987377279,0.8943858306109955,0.8885184582859001,0.9631370387082174,141.5100235939026
AI,C-UMAP,10.0,False,knn,0.7609727020253336,0.011480871583747604,0.772206426526655,0.7609587680079484,0.9281446149477084,484.07077980041504,0.7945301542776999,0.8083557406082498,0.7945411177969318,0.9366599615057222,141.57664012908936
AI,C-UMAP,10.0,True,knn,0.8830504188398927,0.013549020229543239,0.8894344918771392,0.8830054644808744,0.9648966970432094,474.23654985427856,0.8877980364656382,0.8941645849572212,0.8878408413292133,0.9661543697972054,126.8462598323822
AI,C-UMAP,20.0,False,knn,0.7579665379665379,0.013365715228135566,0.7703272236188361,0.7579334326875311,0.9271199173044584,465.6568965911865,0.7924263674614306,0.8034951579026217,0.7924594785059902,0.9350433252219686,130.74814438819885
AI,C-UMAP,20.0,True,knn,0.8818442502653028,0.008631366297351456,0.8884532420631579,0.8818281172379532,0.9659595644597448,475.87548327445984,0.8948106591865358,0.8998570363421259,0.894828427386567,0.965335480937713,131.39479041099548
AI,A-Full,,False,lr,0.9344523470839261,0.0074287528240076055,0.9358285076402846,0.9344361649279682,0.9969211645434214,320.63520979881287,0.9417952314165497,0.9422472697587182,0.9417899929527835,0.9976430188790032,81.06824994087219
AI,A-Full,,True,lr,0.974142112036849,0.006196492542603903,0.9745500365150489,0.9741530054644809,0.9990292750549745,296.2491159439087,0.9810659186535764,0.9812263904164431,0.9810592508266928,0.9997620750138112,79.66354727745056
AI,B-PCA,5.0,False,lr,0.5532222448011922,0.019652963596395418,0.5340637604609684,0.5531147540983608,0.9082837236947965,348.2610058784485,0.5511921458625526,0.5276779938389596,0.5515043096438446,0.910216808973929,105.42336845397949
AI,B-PCA,5.0,True,lr,0.5956151640362167,0.017209896005232136,0.5939669304784727,0.5954793840039743,0.9329565202400346,372.89187717437744,0.5946704067321178,0.5872651386851371,0.5949964763918252,0.934728842169724,80.33448219299316
AI,B-PCA,10.0,False,lr,0.7164803901646006,0.02299996455035348,0.7182276893306325,0.7164530551415799,0.9635863945685609,288.881635427475,0.7251051893408135,0.7249286809208848,0.725348295115737,0.9671638899886258,86.65792989730835
AI,B-PCA,10.0,True,lr,0.6969328727223465,0.00536465104768803,0.6962406545898147,0.6968653750620964,0.9615995407269718,347.01248836517334,0.711781206171108,0.7129717318869705,0.7119856887298748,0.9630383188002366,85.4230682849884
AI,B-PCA,20.0,False,lr,0.8343349364401996,0.008269698409091097,0.8352552213917717,0.83428216592151,0.9862457832150934,308.5051734447479,0.8492286115007013,0.8506281739810962,0.8493196725754865,0.9875071204927898,72.89874505996704
AI,B-PCA,20.0,True,lr,0.8631989884621463,0.008664967402444244,0.864034475072423,0.8631495280675608,0.9891628211442492,382.74229168891907,0.8611500701262272,0.8634918080432044,0.8612132053992518,0.9884380044351176,94.73276686668396
AI,C-UMAP,5.0,False,lr,0.6022172548488338,0.01635816114407361,0.5954446546744074,0.6020317933432688,0.9236603900554753,526.738452911377,0.6199158485273493,0.6222925243627185,0.6202092481162248,0.9348133091483504,143.22281098365784
AI,C-UMAP,5.0,True,lr,0.7940495382600645,0.010915683829888499,0.8045232060810891,0.7940437158469946,0.972541652218035,444.1134741306305,0.8092566619915849,0.8200499719097786,0.8092806418387813,0.977586981071244,125.27631616592407
AI,C-UMAP,10.0,False,lr,0.631987626724469,0.011234316376121597,0.6315579488171899,0.631813214108296,0.9329856815173028,508.8054168224335,0.6332398316970547,0.639724574064642,0.6334580148533638,0.9411664965265479,142.7612657546997
AI,C-UMAP,10.0,True,lr,0.8286242633611055,0.015612624144449208,0.8419661952753724,0.8286388474913065,0.9772094207628979,439.4381604194641,0.82328190743338,0.8344391111140773,0.8233208651813303,0.9810923700883312,128.99451065063477
AI,C-UMAP,20.0,False,lr,0.6361990561990561,0.010083679037396183,0.635707820335752,0.6361102831594635,0.9345083759670907,549.7864241600037,0.655680224403927,0.6618677794091277,0.6558627419092535,0.946925315052082,128.6106355190277
AI,C-UMAP,20.0,True,lr,0.8292280250174986,0.015944805122526367,0.8408945018217768,0.8292349726775956,0.9782262637783063,464.59064078330994,0.8338008415147266,0.843807946223242,0.8338483222204153,0.9830621400422835,55.32086992263794
AI,A-Full,,False,svm,0.9194224299487457,0.004526318878078751,0.9228375239161883,0.9193889716840535,0.996629654336064,384.6072120666504,0.9298737727910238,0.9317950341377466,0.9298530926437902,0.9978879749030231,102.13337969779968
AI,A-Full,,True,svm,0.980458804669331,0.004242431058312095,0.9809571894608176,0.9804272230501739,0.9995156879408645,397.1482026576996,0.9831697054698457,0.9834379138956664,0.9831463110532878,0.9998272668095843,93.30539751052856
AI,B-PCA,5.0,False,svm,0.6349933392038655,0.018100217974313874,0.6403708892142226,0.634923000496771,0.9405810645156946,393.511736869812,0.6262272089761571,0.6323656285880299,0.6264704287960102,0.9440911059498678,107.62792778015137
AI,B-PCA,5.0,True,svm,0.7306094063988802,0.00882512846761212,0.7427577306992039,0.7305017386984599,0.9680614425228725,340.62948513031006,0.7398316970546984,0.7517710770507796,0.7399251910879816,0.9710567467631698,86.05384588241577
AI,B-PCA,10.0,False,svm,0.7504481925534557,0.014375327246225004,0.7658720848450409,0.7503924490809737,0.9760317542268515,364.2006449699402,0.7657784011220197,0.77743321081985,0.7658752100612566,0.9796788069754381,114.47262072563171
AI,B-PCA,10.0,True,svm,0.855085461401251,0.009656065425656068,0.8586563675985716,0.8550223546944858,0.9899812210964368,316.58184599876404,0.8681626928471248,0.8720767005468111,0.8682604217487938,0.9921267665098091,78.61783528327942
AI,B-PCA,20.0,False,svm,0.8538774865090654,0.008221147806769505,0.8605100574738909,0.853899652260308,0.9909187980853785,302.74822449684143,0.8611500701262272,0.867956543313155,0.8611861007209846,0.9930687110072453,80.33080697059631
AI,B-PCA,20.0,True,svm,0.9437761069340016,0.006061732795144638,0.9445396215660613,0.9437108792846496,0.9978772779186436,319.8614809513092,0.9424964936886395,0.9440418735560602,0.9425055564590448,0.9985563970780675,85.25880217552185
AI,C-UMAP,5.0,False,svm,0.6313820587504798,0.016978421347133538,0.6498234872036931,0.6312319920516642,0.937851142649856,492.66637206077576,0.6563814866760168,0.6825316467298775,0.6565512007372474,0.9523229285033884,137.97299933433533
AI,C-UMAP,5.0,True,svm,0.8033696854749486,0.012558140182728652,0.8242185244410203,0.8034177844013909,0.9779174001288329,453.9347724914551,0.8267882187938289,0.8440921433907559,0.8268986827126362,0.9808992953763532,136.9304575920105
AI,C-UMAP,10.0,False,svm,0.6223608570976992,0.01562220676146321,0.6398300639160531,0.6221957277694983,0.9344801065067356,527.1884016990662,0.6416549789621319,0.6614501407543409,0.6418279395023582,0.9473157358196925,121.4669451713562
AI,C-UMAP,10.0,True,svm,0.7916412653254759,0.015562028094599563,0.8117483382296088,0.7917337307501241,0.9768072947895634,436.11203932762146,0.8127629733520336,0.8302432266967077,0.8128259337561663,0.9795978311976395,116.3699095249176
AI,C-UMAP,20.0,False,svm,0.6130456772562036,0.01076291883936718,0.6270457321050529,0.612876304023845,0.9314501317073048,500.139285326004,0.6409537166900421,0.6584229428054397,0.641123217867404,0.9473003263855588,124.65221166610718
AI,C-UMAP,20.0,True,svm,0.7639811239811239,0.010792982075703356,0.7879689432551489,0.7641828117237954,0.9752636421120908,499.61055731773376,0.7959326788218793,0.8119305725065562,0.7959397191955332,0.9800047695727501,138.86510515213013
BW,A-Full,,False,knn,0.9248395764185238,0.014733645444315041,0.92946665199054,0.9247888723298558,0.9920346375021036,4653.410555362701,0.9312762973352033,0.9334602871761742,0.9313167452702337,0.9933181318747221,1459.717764377594
BW,A-Full,,True,knn,0.9416740048318996,0.004760836932043246,0.9447987088642442,0.9416393442622949,0.9935350487079203,4381.412703752518,0.9375876577840112,0.9395212906393745,0.9376050306282864,0.9933523557251429,1530.0672476291656
BW,B-PCA,5.0,False,knn,0.6864128790444579,0.013866443209593992,0.6976419196420974,0.6863238946845505,0.9273259337185088,4331.846871376038,0.7061711079943899,0.7082965798639752,0.7064075459424296,0.9377618793715794,1188.4612481594086
BW,B-PCA,5.0,True,knn,0.7420361715098557,0.011700714991533122,0.7443836292706452,0.7418827620466965,0.9467342796825722,3690.9254417419434,0.7510518934081346,0.7514809173153907,0.7512820512820512,0.9509814517970638,803.9661829471588
BW,B-PCA,10.0,False,knn,0.8253205084784033,0.016915925377384962,0.8326486722658671,0.825176353700944,0.9685314266509838,4376.631973028183,0.8485273492286115,0.8521436780471207,0.8486528974901068,0.9750304825946364,1488.7334952354431
BW,B-PCA,10.0,True,knn,0.8400537379484749,0.01025918484674582,0.8442161290420642,0.8399552906110284,0.9759873689991897,3751.3852229118347,0.8436185133239832,0.8446217569508356,0.8438065810158834,0.9768743052931409,845.258321762085
BW,B-PCA,20.0,False,knn,0.889364401995981,0.01933322329166425,0.8933203092578808,0.8892647789369101,0.9854879302983445,4297.231490373611,0.9116409537166901,0.9131884042385725,0.9116712744619722,0.9875159631193046,1673.4514095783234
BW,B-PCA,20.0,True,knn,0.9052952200320622,0.0071899008407560515,0.9081624949356313,0.9052061599602583,0.9896506412325742,3714.3567893505096,0.9172510518934082,0.9188132526544035,0.9172765219276847,0.9906243389659765,843.7279939651489
BW,C-UMAP,5.0,False,knn,0.8271308902887851,0.021952052965223293,0.8401650953483678,0.827103825136612,0.9507935669999329,4701.109325170517,0.861851332398317,0.8695463455397764,0.8619016642272456,0.9631670231956633,1561.4510579109192
BW,C-UMAP,5.0,True,knn,0.8746325272641062,0.015562587098834926,0.884485750707835,0.8745355191256831,0.9640730018536343,3974.761004447937,0.8835904628330996,0.8894815621220716,0.8835854068412208,0.9627445347943009,980.0168042182922
BW,C-UMAP,10.0,False,knn,0.8253268305899886,0.02129118290731442,0.8393545228430351,0.8252459016393443,0.9513137179996279,4616.470695257187,0.8625525946704067,0.8699217140119643,0.8625955439908929,0.9631144569862348,1867.691044330597
BW,C-UMAP,10.0,True,knn,0.8788448598974915,0.0198716553519485,0.8866175053792917,0.8787928464977645,0.963929325164729,4671.420497894287,0.8884992987377279,0.8940189202774708,0.8885130373502467,0.9655168749906046,1155.5793776512146
BW,C-UMAP,20.0,False,knn,0.8259296890875838,0.023534125775585724,0.8403142127237102,0.825866865375062,0.9498726598551732,4660.402316093445,0.8555399719495091,0.8645934386256925,0.855580853255272,0.9605539732844545,1526.4558444023132
BW,C-UMAP,20.0,True,knn,0.875535234482603,0.016091927201170007,0.8839859379052756,0.8754595131644312,0.9638142877865651,4439.718330860138,0.8870967741935484,0.8926647705376403,0.8871035940803383,0.9657326970507207,1182.7663588523865
BW,A-Full,,False,lr,0.9389640768588137,0.004123837411730009,0.9404789461299771,0.9388971684053651,0.9969217474270418,4700.065474748611,0.9326788218793829,0.932999381126713,0.9326882419905675,0.9974879738924898,1516.1204500198364
BW,A-Full,,True,lr,0.9786515839147418,0.005973765319935975,0.9789431143903405,0.9786636860407352,0.9993053955447451,3479.548275947571,0.9789621318373072,0.979375040214027,0.9789613487287906,0.9995711865206466,928.5847251415253
BW,B-PCA,5.0,False,lr,0.5111332385016596,0.015892982036139515,0.49122686001054056,0.5110879284649777,0.9104034059134646,4670.553893327713,0.5189340813464236,0.5062521675638076,0.5192063750203286,0.912253855722721,1447.1657447814941
BW,B-PCA,5.0,True,lr,0.6100535121587753,0.026454513736786454,0.6048095951511773,0.6098509687034277,0.9377409814173638,3354.0868175029755,0.603085553997195,0.597612551559531,0.6033772429121266,0.9331662482376637,883.0440044403076
BW,B-PCA,10.0,False,lr,0.6900241594978438,0.016795991884422254,0.6904403224678123,0.6899403874813711,0.9552542079688822,4212.470118522644,0.6893408134642356,0.6892798056779097,0.6894671220252615,0.9557759447189362,973.2849998474121
BW,B-PCA,10.0,True,lr,0.7567680462417304,0.00656154376808462,0.7588104464915524,0.7566964729259811,0.9717726336766035,3446.800789117813,0.7503506311360448,0.7516205773108972,0.750577329647097,0.969954611229385,914.0730364322662
BW,B-PCA,20.0,False,lr,0.8262186999029104,0.010598563298313107,0.8284062082032932,0.8261649279682068,0.9845137081701344,4388.335147857666,0.8436185133239832,0.843265076912159,0.843671057624546,0.9862466304002527,1582.5276572704315
BW,B-PCA,20.0,True,lr,0.8659016911648492,0.007743560814666793,0.8677050946489409,0.8658618976651763,0.9897142573701387,3555.981281518936,0.8653576437587658,0.8661013454633679,0.8654361142733236,0.9889722485068483,947.5732917785645
BW,C-UMAP,5.0,False,lr,0.7288026372236899,0.023470310787001143,0.7408601156215806,0.7286338797814207,0.957241328572662,4814.92943072319,0.7784011220196353,0.7925672088188684,0.7785547785547785,0.9663518312948198,1583.2092764377594
BW,C-UMAP,5.0,True,lr,0.7916597800808327,0.030400803289715828,0.7981141984205277,0.7915598609041231,0.9717739843164088,3509.7281382083893,0.82328190743338,0.8298195578480058,0.8233859164091722,0.9790128720855489,957.55695271492
BW,C-UMAP,10.0,False,lr,0.751354512407144,0.014877713769473831,0.7652320723334268,0.7512916045702931,0.9651974717023872,4905.8742146492,0.800140252454418,0.8123301780867426,0.8002547839757141,0.9730585503674711,1888.119069814682
BW,C-UMAP,10.0,True,lr,0.8163038226196122,0.016763401865968627,0.8265291737016971,0.8163040238450074,0.9789284500310302,3542.234857559204,0.8253856942496494,0.8321306566265935,0.8254838185070743,0.9818013289239,923.087877035141
BW,C-UMAP,20.0,False,lr,0.7733003680372101,0.02157929262513931,0.7917540356895456,0.7732439145553899,0.9689933363958657,4675.795251607895,0.802945301542777,0.8186995078349291,0.8030574077085704,0.9755669661073006,1546.3625972270966
BW,C-UMAP,20.0,True,lr,0.8178048725417147,0.012321317345043829,0.8284764584496458,0.8177347242921013,0.9800553440554516,3927.4126567840576,0.8338008415147266,0.8400085366403822,0.8338700059630292,0.9831448541545783,1023.7117216587067
BW,A-Full,,False,svm,0.9735442209126418,0.007808783252402072,0.9741548787909867,0.9734873323397913,0.9994772499459288,4224.213190793991,0.9754558204768583,0.9758228320795717,0.9754594242966337,0.9996847112871419,1553.1256489753723
BW,A-Full,,True,svm,0.9798595588069272,0.008308395325213323,0.9803547731071431,0.9797963238946845,0.9997171183420311,3597.745305776596,0.9782608695652174,0.9787875823032016,0.978251206158183,0.9997245840401706,811.0289406776428
BW,B-PCA,5.0,False,svm,0.6713788976946872,0.01407992891279981,0.678408753892578,0.6712816691505217,0.9580644495673104,4253.572127342224,0.6760168302945302,0.6796782090767612,0.676343036808153,0.9602725088884637,1449.398365020752
BW,B-PCA,5.0,True,svm,0.7342215900110637,0.015550952473280078,0.7456267569157072,0.7340784898161947,0.971805707088051,3569.4382362365723,0.7377279102384292,0.747304678575535,0.737973654252724,0.9707110757756481,850.9061758518219
BW,B-PCA,10.0,False,svm,0.8349382465171938,0.005774794175596714,0.8412304986646447,0.8348733233979135,0.9871073635883658,4334.724245071411,0.8429172510518934,0.8470649486843037,0.8430530709600478,0.9880964999724078,1734.153781414032
BW,B-PCA,10.0,True,svm,0.8562866626024521,0.008049212765977781,0.8608982831330229,0.8561997019374068,0.9900440155571001,3487.7326922416687,0.8611500701262272,0.8656624083530418,0.8612511519488265,0.9899185619492396,833.9423842430115
BW,B-PCA,20.0,False,svm,0.9317528054370161,0.007613664556827769,0.9333227959554083,0.9316989567809241,0.9966675409371357,4252.020579814911,0.94109396914446,0.941976006000619,0.9411069550604434,0.9976106636416578,1359.1721045970917
BW,B-PCA,20.0,True,svm,0.9335555103976156,0.008460070931287193,0.9347595413122226,0.9335270740188774,0.9973587364249955,3571.3017115592957,0.9424964936886395,0.9447213513613272,0.9425109773946982,0.9972153687591594,930.4807591438293
BW,C-UMAP,5.0,False,svm,0.755862177967441,0.012398924893671868,0.7864090100774367,0.7557178340784898,0.9704636055997378,4707.877711057663,0.7959326788218793,0.8162555214044509,0.7960372960372961,0.9777650194844316,1586.2791419029236
BW,C-UMAP,5.0,True,svm,0.8060778071304388,0.007780721221044393,0.8241703606407557,0.8060357675111774,0.9804580669276846,4456.6353878974915,0.8141654978962132,0.8268136417314748,0.8142895863826097,0.9839614938013971,1088.4082584381104
BW,C-UMAP,10.0,False,svm,0.7291079048973785,0.015596672240291145,0.7631982404680344,0.729036264282166,0.9665150267405096,4733.056911706924,0.7699859747545582,0.7980722512740084,0.7701143817422887,0.9751090736324998,1569.825630903244
BW,C-UMAP,10.0,True,svm,0.7961588656325498,0.013546456680752826,0.8140739849882497,0.7961649279682066,0.9790661658631213,3617.425263404846,0.8106591865357644,0.8249330448852146,0.8107876619504526,0.9841051633408996,940.054092168808
BW,C-UMAP,20.0,False,svm,0.7119677572309151,0.01267585493192631,0.7438785885399873,0.711892697466468,0.9641122571158662,4894.868707180023,0.7629733520336606,0.7919015293213679,0.7630942700710143,0.9734703536468792,1872.1350746154785
BW,C-UMAP,20.0,True,svm,0.7820239788660841,0.011459525649059027,0.8043539290524869,0.7820566318926976,0.9778942206191303,3502.3482916355133,0.8064516129032258,0.8200107992161381,0.8065322274624601,0.9827004734613527,946.3165187835693
LOGE,A-Full,,False,knn,0.9741443699338435,0.0037220735544281395,0.9749786907493391,0.9741033283656234,0.9975843567837728,20.9553542137146,0.9754558204768583,0.9758183070361054,0.9754431614896731,0.9987124401075349,7.696824789047241
LOGE,A-Full,,True,knn,0.9681320418162525,0.0037095305753838946,0.9699694804400018,0.9681023348236464,0.9963700251837804,22.605852365493774,0.9670406732117812,0.9678282044401745,0.9670569740337183,0.9975211412920415,6.042430639266968
LOGE,B-PCA,5.0,False,knn,0.8613949287633499,0.005580974480088656,0.8625255811406805,0.8613611525086935,0.9781112968281516,18.861567497253418,0.8856942496493688,0.8863028615979602,0.885629099582588,0.9824857325765429,5.267329931259155
LOGE,B-PCA,5.0,True,knn,0.8069818690871322,0.013365151155991089,0.8076677311552706,0.8068156979632389,0.968507308869871,22.093520879745483,0.8239831697054698,0.822182063735855,0.8241827939502359,0.9664783235376226,5.3079938888549805
LOGE,B-PCA,10.0,False,knn,0.9407731039309987,0.006313329685396727,0.9422287116390435,0.9406905116741182,0.9929543942267152,20.0936861038208,0.9474053295932678,0.9477200441075948,0.9473627148045753,0.9930527836660544,9.151629447937012
LOGE,B-PCA,10.0,True,knn,0.9161186750660434,0.00584128738326966,0.9169008907787193,0.9160158966716343,0.9896537820505094,18.447781801223755,0.9207573632538569,0.9212411567890115,0.9208326557163766,0.9890541686507555,5.302258491516113
LOGE,B-PCA,20.0,False,knn,0.9588114430219694,0.00611790996698495,0.959706393955954,0.9587779433681073,0.9957062689504053,21.17997121810913,0.9579242636746143,0.9579161585063559,0.9578793299723533,0.9967177023613538,9.25963282585144
LOGE,B-PCA,20.0,True,knn,0.9570091896407685,0.006459837288252958,0.9586775051097238,0.9569796323894684,0.9941484294210022,22.63807964324951,0.958625525946704,0.9598598634051476,0.958621998156882,0.9953275034691302,7.229033708572388
LOGE,C-UMAP,5.0,False,knn,0.9395682900946059,0.006535448836466791,0.9417131157912524,0.9395330352707403,0.9836413328364871,191.77803015708923,0.9502103786816269,0.9514825475208686,0.9501816013443919,0.9861973123317133,46.752036333084106
LOGE,C-UMAP,5.0,True,knn,0.9185255932624354,0.008364458380559209,0.9250462971441044,0.9184848484848486,0.975214590079441,126.05002617835999,0.9333800841514727,0.9352644901000459,0.9333875426898682,0.976508148771829,44.14966893196106
LOGE,C-UMAP,10.0,False,knn,0.9383666373140057,0.010533040295457182,0.9409379112306466,0.9383258817685046,0.9827293392941294,125.6206488609314,0.9488078541374474,0.9501766627728684,0.948788420881444,0.9861964346504736,41.18329977989197
LOGE,C-UMAP,10.0,True,knn,0.9164207816839396,0.010045891538042655,0.9236545011193943,0.9163487332339791,0.9758785983271056,130.49773263931274,0.9389901823281908,0.9410991111934529,0.9390036320268877,0.980433001309461,35.541080474853516
LOGE,C-UMAP,20.0,False,knn,0.9401688906952066,0.0017349088108036532,0.9425398273333101,0.9401589667163439,0.9820867804010339,144.36274123191833,0.9523141654978962,0.9538669718024754,0.9522849243779477,0.9881632799129684,46.02310109138489
LOGE,C-UMAP,20.0,True,knn,0.919125290704238,0.008055654460856612,0.9249706817044479,0.9190909090909092,0.9760386050797205,137.20789980888367,0.9389901823281908,0.9406000955198941,0.938981948284274,0.9824682047694643,30.76335310935974
LOGE,A-Full,,False,lr,0.9714353451195556,0.008241385890757201,0.9718677122351483,0.9714207650273223,0.9990445538768036,19.96153426170349,0.9782608695652174,0.9783450186531034,0.978218680544262,0.9994170705750574,5.584759712219238
LOGE,A-Full,,True,lr,0.9876718824087245,0.004699805299632753,0.9879553284534562,0.987665176353701,0.999807797724299,19.50645875930786,0.9929873772791024,0.9930600512141109,0.992985309264379,0.9999589652806602,6.239115953445435
LOGE,B-PCA,5.0,False,lr,0.684604303551672,0.012276190869047795,0.6805822505933428,0.684535519125683,0.9499405994453488,15.926063776016235,0.708976157082749,0.7061685865663171,0.7089499647639183,0.9512035406143308,5.2766711711883545
LOGE,B-PCA,5.0,True,lr,0.6476330465804149,0.015845713167562805,0.6419937592252265,0.6475211127670144,0.9443602301460133,18.9063560962677,0.6339410939691444,0.6281202136205871,0.6341681574239714,0.9408504326825078,5.280312538146973
LOGE,B-PCA,10.0,False,lr,0.8508767414030572,0.008800635607248817,0.8520801538237166,0.850809736711376,0.9860822029362772,17.68398427963257,0.8632538569424965,0.8631568588324214,0.8631267956849352,0.9876701327949512,5.9396653175354
LOGE,B-PCA,10.0,True,lr,0.8193041161462213,0.014382933417365986,0.8208419066129057,0.8192399403874813,0.9828426186050955,25.174082279205322,0.8267882187938289,0.8295063516200901,0.8268986827126362,0.9837903254245304,5.7410888671875
LOGE,B-PCA,20.0,False,lr,0.9167179209284473,0.01284378173057834,0.917461419617136,0.9166865375062097,0.9940644355150623,19.202112674713135,0.9137447405329593,0.9146890107820624,0.9136499159754973,0.9954022016199268,5.526412725448608
LOGE,B-PCA,20.0,True,lr,0.9230319040845357,0.007000196415012111,0.9237615829049058,0.9230601092896172,0.9956551974099263,25.975414514541626,0.9305750350631136,0.9313350956820302,0.9305740770857049,0.9960569644214221,6.7453038692474365
LOGE,C-UMAP,5.0,False,lr,0.8767328230486126,0.009307662744414996,0.8764917463768048,0.876736214605067,0.9865136507469672,170.62626957893372,0.8948106591865358,0.8936695744627839,0.8947687970943785,0.9908746074061231,43.3088812828064
LOGE,C-UMAP,5.0,True,lr,0.8448499627446996,0.025285131595556724,0.8520016517203454,0.8449080973671137,0.9826179385821217,106.3325092792511,0.8835904628330996,0.8873214645028078,0.8835854068412208,0.9888275119223624,20.730530977249146
LOGE,C-UMAP,10.0,False,lr,0.9089015331120596,0.009613451892498482,0.9099124901756716,0.9089120715350223,0.9908252972247826,153.75336861610413,0.9116409537166901,0.9113316558335317,0.9115736976202092,0.9941811697264428,41.91014790534973
LOGE,C-UMAP,10.0,True,lr,0.8671146334304229,0.011732165372354556,0.8796492532825957,0.8671137605563836,0.9867764132939941,105.58391976356506,0.8870967741935484,0.8928159551854855,0.8871144359516453,0.9905547939229199,20.04180335998535
LOGE,C-UMAP,20.0,False,lr,0.9146140125087493,0.0050342191297235205,0.91618972443628,0.9146100347739692,0.9913816817681305,138.63844633102417,0.9200561009817672,0.9218768340791055,0.920014094432699,0.994824091646178,43.06753921508789
LOGE,C-UMAP,20.0,True,lr,0.876130416130416,0.012094756985592845,0.887138462694075,0.8761599602583209,0.9867730027683885,100.63203382492065,0.8955119214586256,0.9014773173397209,0.895543990892828,0.9912075117120824,18.991094827651978
LOGE,A-Full,,False,svm,0.9918819571451151,0.0036343753050945304,0.9920544463092495,0.991872826626925,0.9998628315299879,43.076998710632324,0.9908835904628331,0.9909831764027011,0.9908711443595165,0.9999669386044773,12.394039869308472
LOGE,A-Full,,True,svm,0.990981959403012,0.0041390310370248064,0.9912936349300786,0.9909687034277198,0.9999303488735316,58.92800998687744,0.9887798036465638,0.9891428650241164,0.9887678213259609,0.999973507700231,19.32813787460327
LOGE,B-PCA,5.0,False,svm,0.8057707331391543,0.005396998888038153,0.8093253184068965,0.8058022851465474,0.9808717530151032,30.70231294631958,0.8057503506311361,0.8081199626255078,0.8056269312083266,0.982248453966768,11.7773756980896
LOGE,B-PCA,5.0,True,svm,0.783824877509088,0.01314934886012054,0.7873819472802692,0.7836910084451068,0.9766676759281276,28.331607818603516,0.7812061711079944,0.7840407865888959,0.7814820838076653,0.9764991848886629,10.865199327468872
LOGE,B-PCA,10.0,False,svm,0.9251367156630315,0.008619985324365045,0.9273384710368516,0.9251614505712867,0.9974726037592081,27.001163244247437,0.9312762973352033,0.9321119998967288,0.9311541172006289,0.99745080463162,6.655950546264648
LOGE,B-PCA,10.0,True,svm,0.9067980762717605,0.006399662794090663,0.907887939290355,0.9067014406358668,0.9950268479146684,25.969586849212646,0.9151472650771388,0.9174599046070849,0.9152165663793571,0.9954754510764054,7.760997533798218
LOGE,B-PCA,20.0,False,svm,0.9666237666237667,0.006626730351040732,0.9674074669215502,0.9665772478887231,0.9992811524112902,36.262032985687256,0.9733520336605891,0.9735419121501966,0.9733344175204639,0.9996678599892338,10.499342918395996
LOGE,B-PCA,20.0,True,svm,0.9663288852762537,0.006610617377350465,0.9672156241279588,0.9663040238450075,0.9992967309851302,36.92091464996338,0.9740532959326789,0.9743853736493218,0.9740554019623787,0.9994241412029479,13.38711166381836
LOGE,C-UMAP,5.0,False,svm,0.8917618370249949,0.0130057254601126,0.8950008523088607,0.8917784401390959,0.9902784778811204,132.2218987941742,0.9074333800841514,0.9085772694581503,0.9073182631322165,0.9929258457496698,42.11007881164551
LOGE,C-UMAP,5.0,True,svm,0.8463654632075684,0.014768192019599927,0.8704896345299902,0.8462791852955787,0.986940579222893,123.86114883422852,0.879382889200561,0.8854884312831058,0.879405865452377,0.9917022925537655,32.21347379684448
LOGE,C-UMAP,10.0,False,svm,0.8800361263519157,0.015493298032286842,0.8833652106498191,0.8800745156482861,0.9896470543702378,127.81431603431702,0.9018232819074333,0.9024651836676871,0.9017184366021574,0.9932455913628178,43.5460090637207
LOGE,C-UMAP,10.0,True,svm,0.8442611032084717,0.015546245458108048,0.8708100823448672,0.8441530054644808,0.9865957997463765,138.99203300476074,0.8758765778401122,0.884034258735215,0.8758985200845665,0.991530303157239,25.463804006576538
LOGE,C-UMAP,20.0,False,svm,0.874625301993723,0.008029057635794359,0.8789586767279314,0.8746547441629409,0.9895133311885917,134.46300792694092,0.8997194950911641,0.9005950501040852,0.8995988507616414,0.9933257508617014,44.393890380859375
LOGE,C-UMAP,20.0,True,svm,0.8316317821580979,0.015746708039675945,0.8627220452535849,0.8315598609041233,0.9851847697882479,128.4903039932251,0.8639551192145862,0.8774563882547205,0.8640375128747221,0.9909415395100907,24.278431177139282
